insert into user_table (login, password, name)
values ('user2', '$2a$04$/5.2QEO7YmS33H26SXOxK.xcQ/99MuGmQDpv.InLbKMdukZcQ8eJu', 'Василий'),
       ('user3', '$2a$04$/5.2QEO7YmS33H26SXOxK.xcQ/99MuGmQDpv.InLbKMdukZcQ8eJu', 'Ольга'),
       ('user4', '$2a$04$/5.2QEO7YmS33H26SXOxK.xcQ/99MuGmQDpv.InLbKMdukZcQ8eJu', 'Александра'),
       ('user5', '$2a$04$/5.2QEO7YmS33H26SXOxK.xcQ/99MuGmQDpv.InLbKMdukZcQ8eJu', 'Андрей'),
       ('user6', '$2a$04$/5.2QEO7YmS33H26SXOxK.xcQ/99MuGmQDpv.InLbKMdukZcQ8eJu', 'Клавдия'),
       ('user7', '$2a$04$/5.2QEO7YmS33H26SXOxK.xcQ/99MuGmQDpv.InLbKMdukZcQ8eJu', 'Катерина'),
       ('user8', '$2a$04$/5.2QEO7YmS33H26SXOxK.xcQ/99MuGmQDpv.InLbKMdukZcQ8eJu', 'Станислав'),
       ('user9', '$2a$04$/5.2QEO7YmS33H26SXOxK.xcQ/99MuGmQDpv.InLbKMdukZcQ8eJu', 'Алексей'),
       ('user10', '$2a$04$/5.2QEO7YmS33H26SXOxK.xcQ/99MuGmQDpv.InLbKMdukZcQ8eJu', 'Наталья'),
       ('user11', '$2a$04$/5.2QEO7YmS33H26SXOxK.xcQ/99MuGmQDpv.InLbKMdukZcQ8eJu', 'Дарья'),
       ('user12', '$2a$04$/5.2QEO7YmS33H26SXOxK.xcQ/99MuGmQDpv.InLbKMdukZcQ8eJu', 'Геннадий'),
       ('user13', '$2a$04$/5.2QEO7YmS33H26SXOxK.xcQ/99MuGmQDpv.InLbKMdukZcQ8eJu', 'Олег'),
       ('user14', '$2a$04$/5.2QEO7YmS33H26SXOxK.xcQ/99MuGmQDpv.InLbKMdukZcQ8eJu', 'Алена'),
       ('user15', '$2a$04$/5.2QEO7YmS33H26SXOxK.xcQ/99MuGmQDpv.InLbKMdukZcQ8eJu', 'Олеся'),
       ('user16', '$2a$04$/5.2QEO7YmS33H26SXOxK.xcQ/99MuGmQDpv.InLbKMdukZcQ8eJu', 'Кирилл'),
       ('user17', '$2a$04$/5.2QEO7YmS33H26SXOxK.xcQ/99MuGmQDpv.InLbKMdukZcQ8eJu', 'Мария'),
       ('user18', '$2a$04$/5.2QEO7YmS33H26SXOxK.xcQ/99MuGmQDpv.InLbKMdukZcQ8eJu', 'Константин');
insert into user_role_link
values ('user2', 'ROLE_USER'),
       ('user3', 'ROLE_USER'),
       ('user4', 'ROLE_USER'),
       ('user5', 'ROLE_USER'),
       ('user6', 'ROLE_USER'),
       ('user7', 'ROLE_USER'),
       ('user8', 'ROLE_USER'),
       ('user9', 'ROLE_USER'),
       ('user10', 'ROLE_USER'),
       ('user11', 'ROLE_USER'),
       ('user12', 'ROLE_USER'),
       ('user13', 'ROLE_USER'),
       ('user14', 'ROLE_USER'),
       ('user15', 'ROLE_USER'),
       ('user16', 'ROLE_USER'),
       ('user17', 'ROLE_USER'),
       ('user18', 'ROLE_USER');

insert into event_participant
values ('user', 1),
       ('user2', 1),
       ('user4', 1),
       ('user6', 1),
       ('user7', 1),
       ('user9', 1),
       ('user5', 2),
       ('user', 3),
       ('user3', 4),
       ('user4', 4),
       ('user5', 5),
       ('user9', 5),
       ('user11', 5),
       ('user18', 5),
       ('user', 6),
       ('user4', 6),
       ('user5', 6),
       ('user7', 6),
       ('user8', 6),
       ('user9', 6),
       ('user11', 6),
       ('user17', 6),
       ('user9', 7),
       ('user9', 8),
       ('user11', 8),
       ('user16', 8),
       ('user7', 9),
       ('user13', 9),
       ('user14', 9),
       ('user2', 10),
       ('user4', 10),
       ('user5', 10),
       ('user9', 10),
       ('user10', 10);
